CREATE DATABASE FKNI;
--drop database FKNI;
use FKNI;
--use master;

-- Tabla de Roles
CREATE TABLE Roles (
    id_rol INT PRIMARY KEY IDENTITY(1,1),
    nombre_rol NVARCHAR(50) NOT NULL
);


-- Tabla de Usuarios
CREATE TABLE Usuarios (
    id_usuario INT PRIMARY KEY IDENTITY(1,1),
    nombre_usuario NVARCHAR(100) NOT NULL,
    correo NVARCHAR(100) NOT NULL UNIQUE,
    contrasena NVARCHAR(200) NOT NULL,
	fecha_registro DATETIME NOT NULL,
    telefono varchar(10),
    id_rol INT FOREIGN KEY REFERENCES Roles(id_rol)
);

-- Tabla de Categorías
CREATE TABLE Categorias (
    id_categoria INT PRIMARY KEY IDENTITY(1,1),
    nombre_categoria NVARCHAR(100) NOT NULL
);

-- Tabla de Productos
CREATE TABLE Productos (
    id_producto INT PRIMARY KEY IDENTITY(1,1),
    nombre_producto NVARCHAR(100) NOT NULL,
    descripcion NVARCHAR(MAX),
    precio DECIMAL(10,2) NOT NULL,
    stock INT NOT NULL,
    promedio_valoracion DECIMAL(3,2) DEFAULT 0,
    id_categoria INT FOREIGN KEY REFERENCES Categorias(id_categoria),
    estado BIT DEFAULT 1
);
Select* from Productos

Delete from Productos where id_producto =16;

CREATE TABLE Imagenes (
	id_imagen INT PRIMARY KEY IDENTITY(1,1),
	url_imagen varbinary(max),
	id_producto INT FOREIGN KEY REFERENCES Productos(id_producto)
);



-- Tabla de Etiquetas
CREATE TABLE Etiquetas (
    id_etiqueta INT PRIMARY KEY IDENTITY(1,1),
    nombre_etiqueta NVARCHAR(100) NOT NULL
);

-- Tabla relación Producto - Etiqueta
CREATE TABLE ProductoEtiqueta (
    id_producto INT FOREIGN KEY REFERENCES Productos(id_producto),
    id_etiqueta INT FOREIGN KEY REFERENCES Etiquetas(id_etiqueta),
    PRIMARY KEY (id_producto, id_etiqueta)
);

-- Tabla de Reseñas
CREATE TABLE Resenas (
    id_usuario INT NOT NULL,
    id_producto INT NOT NULL,
    fecha DATETIME DEFAULT GETDATE(),
    comentario NVARCHAR(MAX),
    valoracion INT CHECK(valoracion BETWEEN 1 AND 5),
    estado BIT DEFAULT 1,
    PRIMARY KEY (id_usuario, id_producto),
    FOREIGN KEY (id_usuario) REFERENCES Usuarios(id_usuario),
    FOREIGN KEY (id_producto) REFERENCES Productos(id_producto)
);

-- Tabla de Promociones
CREATE TABLE Promociones (
    id_promocion INT PRIMARY KEY IDENTITY(1,1),
    tipo_promocion NVARCHAR(20) CHECK (tipo_promocion IN ('producto', 'categoria')),
    id_producto INT NULL,
    id_categoria INT NULL,
    descuento DECIMAL(5,2) NOT NULL,
    fecha_inicio DATE,
    fecha_fin DATE,
	FOREIGN KEY (id_producto) REFERENCES Productos(id_producto),
	FOREIGN KEY (id_categoria) REFERENCES Categorias(id_categoria)
);

-- Tabla de Carrito
CREATE TABLE Carrito (
    id_carrito INT PRIMARY KEY IDENTITY(1,1),
    id_usuario INT FOREIGN KEY REFERENCES Usuarios(id_usuario)
);

-- Tabla Detalle del Carrito
CREATE TABLE DetalleCarrito (
    id_carrito INT FOREIGN KEY REFERENCES Carrito(id_carrito),
    id_producto INT FOREIGN KEY REFERENCES Productos(id_producto),
    cantidad INT NOT NULL,
    PRIMARY KEY (id_carrito, id_producto)
);

-- Tabla de Pagos
CREATE TABLE Pagos (
    id_pago INT PRIMARY KEY IDENTITY(1,1),
    metodo_pago NVARCHAR(50),
    vuelto INT,
    costo_envio DECIMAL(10,2),
    direccion_entrega NVARCHAR(MAX),
    fecha_pago DATE
);

-- Tabla de Estados del Pedido
CREATE TABLE Estados (
    id_estado INT PRIMARY KEY IDENTITY(1,1),
    nombre_estado NVARCHAR(50) NOT NULL
);

-- Tabla de Pedidos
CREATE TABLE Pedidos (
    id_pedido INT PRIMARY KEY IDENTITY(1,1),
    id_cliente INT FOREIGN KEY REFERENCES Usuarios(id_usuario),
    metodo_entrega NVARCHAR(50),
    fecha_pedido DATETIME DEFAULT GETDATE(),
    direccion_envio NVARCHAR(MAX),
    id_estado INT FOREIGN KEY REFERENCES Estados(id_estado),
    id_pago INT FOREIGN KEY REFERENCES Pagos(id_pago)
);


-- Tabla de Detalle Pedido
CREATE TABLE DetallePedido (
    id_detalle INT PRIMARY KEY IDENTITY(1,1),
    id_pedido INT FOREIGN KEY REFERENCES Pedidos(id_pedido),
    subtotal DECIMAL(10,2),
    impuesto DECIMAL(10,2),
    total_con_impuesto DECIMAL(10,2)
);

-- Tabla de Detalle Producto Pedido
CREATE TABLE DetallePedidoProducto (
    id_pedido INT FOREIGN KEY REFERENCES Pedidos(id_pedido),
    id_producto INT FOREIGN KEY REFERENCES Productos(id_producto),
    cantidad INT,
    PRIMARY KEY (id_pedido, id_producto)
);


Delete Imagenes where id_imagen = 61 and id_producto = 1;


Select * from Productos;



-- Roles
INSERT INTO Roles VALUES ('Administrador');
INSERT INTO Roles VALUES ('Cliente');
INSERT INTO Roles VALUES ('Vendedor');
INSERT INTO Roles VALUES ('Invitado');
INSERT INTO Roles VALUES ('Encargado');
INSERT INTO Roles VALUES ('Repartidor');

-- Usuarios
INSERT INTO Usuarios VALUES ('Moises Castro Madrigal', 'moicas@gmail.com','123456','2025-06-08','71435867',1);
INSERT INTO Usuarios VALUES ('Ana Pérez', 'ana.perez@gmail.com','pass123','2024-06-01','71234567',2);
INSERT INTO Usuarios VALUES ('Luis Gómez', 'luisg@gmail.com','pass456','2024-06-02','71345678',2);
INSERT INTO Usuarios VALUES ('Laura Méndez', 'lauram@gmail.com','abc123','2024-06-03','71987654',3);
INSERT INTO Usuarios VALUES ('Carlos Díaz', 'carlosd@gmail.com','987654','2024-06-04','71000000',2);
INSERT INTO Usuarios VALUES ('Sofía Vargas', 'sofia@gmail.com','sofia123','2024-06-05','71111222',2);

-- Categorías
INSERT INTO Categorias VALUES ('StreetWear');
INSERT INTO Categorias VALUES ('Accesorios');
INSERT INTO Categorias VALUES ('Calzado');
INSERT INTO Categorias VALUES ('Edición limitada');
INSERT INTO Categorias VALUES ('Casual');
INSERT INTO Categorias VALUES ('Formal');

-- Productos 
INSERT INTO Productos VALUES ('Camiseta Negra FKNI','camiseta negra de todas las tallas', 13900,4,3,1,1);
INSERT INTO Productos VALUES ('Camiseta Negra Carro Style','Camiseta negra carro fkn', 13900,10,4.5,2,1);
INSERT INTO Productos VALUES ('Camiseta Verde Champagne','Camiseta verde 100% algodón', 13900,7,4.7,3,1);
INSERT INTO Productos VALUES ('Camiseta Blanca Grily','Camiseta blanca girl 100% algodón',13900,5,4.2,1,1);
INSERT INTO Productos VALUES ('Camisa Beige Keep fuking trying','Camiseta 100% algodón', 13900,8,4.0,5,1);
INSERT INTO Productos VALUES ('Camiseta Gris Man','Camiseta 100% algodon', 13900,12,4.8,2,1);


INSERT INTO IMAGENES VALUES (0x89504E470D0A1A0A0000000D49484452000000AA000000AA0800000000181D8B5E000000206348524D00007A26000080840000FA00000080E8000075300000EA6000003A98000017709CBA513C00000002624B474400FF878FCCBF0000000774494D4507E3030C0D3A0D02B237730000006A744558745261772070726F66696C6520747970652061707031000A617070310A20202020202033340A34393439326130303038303030303030303130303331303130323030303730303030303031613030303030303030303030303030353036393633363137333631303030300ADC953E0C00000ADE4944415478DAED9B6943F2BA1280CFFFFF25922EEC8B80AF88028AA8A8A8880B8BA02C0A8AECA5ED99498A144594C387B7DC9BF9A0E9244D9FA699643209FFE86B23FFFC6D008ECA51392A47E5A81C95A372548ECA51392A47E5A81C95A372548ECA51392A47E5A8A3A7CC49DA2C57B5B135515F130E629B11C179DCB5226A274284AF7230B41EAA9615E6895CB41EEA203CAF510592502C875AB2CF6D55C1F96215D4D14BB984528C92F9A8E201CD2F3DBEAE3C1AAC843AAE44DD22A1227C2B2C5FF2C66BDADF435532CE458C9F893D77ABB1AE80AADDD97F0D4A615D95BF85DAD95C8A145877561A6557402DCA0BFAE6DC2C47E32FA15ECDE321B2DBBFB9E97749F332E5D25F42BDB47D85F1A68ACDDE68D47DBE4FB8AC8C4AEC472D7592ABD4F765625554E22BCE0CF3A39C93581395F89FA87AF8D66AB5479852F36E624954571995DDEC8E5B963DBBB7039D8EBC56441533D84D5FFE88B42189147F874B2549AC874A36DBA07A0E4ED1A2A868B8AC872AA461821FEE9A1B3105AEAA12279643A5149599AEE96A82EACA7AADEA4017FA74A6678AF7A07AB05B0ED5D901CDE1ACA1E540557311ABA13AD088525F51AB4ECBB5AABD069A2BD18C2A3D802A2F5B0E55BC01CD8B79762241E813DAA9F546009280F97F7C366D5622DDC0F0D5FF63415437F680C1D1C44F257206230079C97A839540F670D61F5D78E932400CDCA097D50E5B7062052B3AC366D45AD7C944E2F0AE8DABD34172A684655005F98CBA7EFA58519883DD3B942C8A2A48876D53B6F61C1305ABA20A42E0FACD580828CD33EF976C2BA112D197B828542AF9F33DB740AC839A13E6091164BB5D12E60602EC2B85575640AD3A978DAE78DEFE12EA68774954E168A5C0E52A91C0E7E58256E4CFFB2AA4ABC5576BDB4674F53722C75A2B91AE18B5EEDDC4C2A1F02F24B495C8AFBAD9B2EA5EC0B8F73BE9AB2B3EE8FF75E392A372548ECA5139EAFF02EAA890CBE54A742BBF9F876495A99526E86F9EDE3E4D92DD1B28521EEBE3875C8EA5407747D34DA3BE225E14A76703B44EED16348526730CC6A59C49BED9889B8FDAF1DB884DBEC505F28BDB463692981ADE45DCA28D108737599FD9D8AD82DFB4B13DD4FBDB1B90B2053028788F2509B9324A38E0CAE6AC4DEE689D049C0268244F84EECA0CC21B5317CC965E0A35407073E71951BD44B01D025A27011E9F805B9284B8726627B98ACE680450D9F115E951D7D5147365B3B4809A661B04A7EC73689500F9A8CA9E05E5600B0B4C5897471548B437451D245025797C18852476F386F92754E11CBCC3B01995552710DADEE0E67AF0D2EEF53A50E9AA1BA8A2DB47C57BB93CAA209E8D3F50EF31FCE0CEBD0FEA0712EE5274E6A38A0E81EC287AC32E488E0FD43BB8C3ED2682744F7B7C0C2B8F94FBBDA73F44921D971A437556074C94FF802A384A135405175252968677763059988F6A8F8AC4D7D2AF05C1856D4C5147C8964EC2278F2345DD05A9400B735E4EEF1FDF0646AB3A9BFA42598C4A82AF4D86DA857FC4C3A227D79873F40D6ADA43A4A21627643B39416D409F916B45685AD7F3E4F6E3995184A24A5B3B2891547F69540FF6CA832A45D59F5D507F880D2D25D0DBE2EA5C54F93642C8C91BD8CDD9B181AA81519150BF1B8062994974F81A1297074994CC606256ECD09BB96FFD0E95EC5DC8D01AFB1E8A5A076E121E4D5163DFA03EA461697A6F2772396DA07661614B4E751DD049B047C969905BDDDA40B28D60670675E33FA0C63A1873144501515FC12A889F7D9A7BAC36A97F83FA20098E1DB0BBB71303B5006F2CA50A8543A849862E9EC1412AC35031193250A5BDE4A495974655DAC63E24F4D501261D8F98A91D61B364BF437DF7422E5A90816A6C08B23322645FD14B804E7687BA7612896E9A505D2D7DA12C421DE90F6CD70950590FDB79D374A5E48694B3F11D2A1B8BC46BCDE8AB0DF37690E07AD1DF31D2215F42DBA9FD8C68427D5D055565FB1038AEB6E8A0103C3EA3273DC8A1F20D6A49BFA491B4C604F58CD680425FFB42D7B258A91C393D3BDAB663AB7619AA9C3C6372ABFD0754BD47E35288AA3D78E84448BB17899A83BE9F509F9C7073B86FA07643D8600747200904FBD3D70749DC890723A253ABFD74343B026C84D56550D15DD9437B6FF8A042EAAE688FDBB23149BB5233463A75576C442AE9BD4DB8F948558F6DE8AEE4F1F50E683BF5B7400305F441C63B99F09DB18A82E3AACDE4AE2C85DA8B0743C134DD86C88743A1E0057DD4E0F13C1A0A8512D997D9BA5E40194C8DF4612A18DAAAEADA5930147E80EF1C0C85F26A06FE861F6839ED0AD2C12B7CEDD7DB14D41B3ECC3668471A26216722C1E432A8FA18C47083A6C919BD496891B1910B20EAF49F4A7563A3F3A9A6DB35939EDD3995F94C6BBF0AB0A470548EBA2EC25139EA1779CD1740A843F20CC9BCF12B844E315FC8D760B251ABA87D604B027D54848BB2A26B0DBC6D766B4AA960C98A31FDBC173EE4B147354DBCA53529ADD5F3D312F9FA67FF6A0EEA38417D87232C9A43676387426957A8C5A843CB8B05EC6556FC0D9C189BBFA32BFBE829DDCF5455736254C565F8B67961BA8915C453185A1A2BBAF878B1B8D969892B3FA336694481F8B181DAE80DBA719D490FFC11373EF59AAD660F5963B5ED2C18A11C10E3C4DA87A8EC3C1039D70C54D3D6A07CA7192BC2296AC27CA0E817A8DAA588FBCFEC38927A8CB75DD3E0152E04638037DC66357A5F7F42EDB29D4D12EC4E512597CB8567AFC8F6683EAAC3C52435FE1115CF1B893E0C030DE927C414BE20FAEEE21D241E1D509F7BB2C85F848AE7819C4EB6F833506D3B9DCEFB0DDEE21FCE4595EE3A4CBE2C06BFA256E09DFD39C4A9EB6C7B9AB89B504F14129BEFD8D090D8C73F91E16254BA003CDE27EC1096811A9BBC3FE8E6A1CADF9E19F882AAC213C9C13B1EE53AC1EF7E2BB2E5E933F6E053D0B4A1C5C5E213BECBD362540C73C855685AE27E99A012773C1E0B409D9B757D2EAAB8154789A5DA3FA262E047BAC1C51B3D29C70C0B96C2684B4E6CE76B788EF76D1806F589BA0855A375F4DEE1D584CB8FBE4AD87AD0FFA8CD479DACB0982D2F42C51FCE616C0A97C4F4B97435E76A8EB123ECC2A8358CE0F757F50C0660DB8B507B412899D6B5145D157E4295C3656D45D4019AF766B19C47C3DA4373AA61F0F1BAE53638E829CF834AE51C4C46BA59848ABF71914E2AE523F80CF692A903C4E99ADADB58B103CC9C41A663371D4F7731B63031AAE9D8071DE3136A5E9F79F047C9A46298D51E5689612B72BA9A598D674FC7A319D140AEC30357C7D4A8CC051CB5CFA85936D274C7D4A8A6E2699946000D7FA9F311B2491BB728638AFAF84BD4371F99F416C2021FD3DF5521977E2B7D74274CA4B55954C1CEC6EF401D3BB329AA225E191D2090CD668F3D82A9558D5BBC0F14554C66A95CDDFE305BD139736B1F050D572A524B66730E352AFCB9A27D17F3F7EC2CCE3E8B6A7C6F6795EE06386358328AF1B4ED8131B11AECC45D9F39884BE4C2D86C5636777F212A8D72389E0D6AF019F670ECAE3BE8394FB4A127F44D76E8FB8EA25016A6AFB6DDE4AE4CC4592D8A1855A18BFE5E1872E4B2D95D21C47DA31AEE8A2152616C7657C80FA88D2DBFDFBFCF62D3AD90DFEF8BA01D8E923E5047D07DC942C29F63856F20E94B8F3B582EDAD3C7A758CA90ADDA395C6DB2DF066B98F65D6AE5C0243B94CC34705CCD4EEFF0072BEA89A906FFF66021AA3A0431FA8836C20BDA2C0AA6461F29D554187C0EFA4F33F20C19A9E6926356AD6ACAD6A6191351676AA0552E1CAC2C2C1C95A3AE8B70548EBA2EC25139EABA0847E5A8EB221C95A3AE8B70548EBA2EC25139EABA0847E5A8EB221C95A3AE8B70548EBA2EB246A8FF028BFD5E83C68D79360000002574455874646174653A63726561746500323031392D30332D31325431333A35383A31332D30343A3030917E7AC10000002574455874646174653A6D6F6469667900323031392D30332D31325431333A35383A31332D30343A3030E023C27D0000000049454E44AE426082,1);
INSERT INTO IMAGENES VALUES (0x89504E470D0A1A0A0000000D49484452000000AA000000AA0800000000181D8B5E000000206348524D00007A26000080840000FA00000080E8000075300000EA6000003A98000017709CBA513C00000002624B474400FF878FCCBF0000000774494D4507E3030C0D3A0D02B237730000006A744558745261772070726F66696C6520747970652061707031000A617070310A20202020202033340A34393439326130303038303030303030303130303331303130323030303730303030303031613030303030303030303030303030353036393633363137333631303030300ADC953E0C00000ADE4944415478DAED9B6943F2BA1280CFFFFF25922EEC8B80AF88028AA8A8A8880B8BA02C0A8AECA5ED99498A144594C387B7DC9BF9A0E9244D9FA699643209FFE86B23FFFC6D008ECA51392A47E5A81C95A372548ECA51392A47E5A81C95A372548ECA51392A47E5A8A3A7CC49DA2C57B5B135515F130E629B11C179DCB5226A274284AF7230B41EAA9615E6895CB41EEA203CAF510592502C875AB2CF6D55C1F96215D4D14BB984528C92F9A8E201CD2F3DBEAE3C1AAC843AAE44DD22A1227C2B2C5FF2C66BDADF435532CE458C9F893D77ABB1AE80AADDD97F0D4A615D95BF85DAD95C8A145877561A6557402DCA0BFAE6DC2C47E32FA15ECDE321B2DBBFB9E97749F332E5D25F42BDB47D85F1A68ACDDE68D47DBE4FB8AC8C4AEC472D7592ABD4F765625554E22BCE0CF3A39C93581395F89FA87AF8D66AB5479852F36E624954571995DDEC8E5B963DBBB7039D8EBC56441533D84D5FFE88B42189147F874B2549AC874A36DBA07A0E4ED1A2A868B8AC872AA461821FEE9A1B3105AEAA12279643A5149599AEE96A82EACA7AADEA4017FA74A6678AF7A07AB05B0ED5D901CDE1ACA1E540557311ABA13AD088525F51AB4ECBB5AABD069A2BD18C2A3D802A2F5B0E55BC01CD8B79762241E813DAA9F546009280F97F7C366D5622DDC0F0D5FF63415437F680C1D1C44F257206230079C97A839540F670D61F5D78E932400CDCA097D50E5B7062052B3AC366D45AD7C944E2F0AE8DABD34172A684655005F98CBA7EFA58519883DD3B942C8A2A48876D53B6F61C1305ABA20A42E0FACD580828CD33EF976C2BA112D197B828542AF9F33DB740AC839A13E6091164BB5D12E60602EC2B85575640AD3A978DAE78DEFE12EA68774954E168A5C0E52A91C0E7E58256E4CFFB2AA4ABC5576BDB4674F53722C75A2B91AE18B5EEDDC4C2A1F02F24B495C8AFBAD9B2EA5EC0B8F73BE9AB2B3EE8FF75E392A372548ECA5139EAFF02EAA890CBE54A742BBF9F876495A99526E86F9EDE3E4D92DD1B28521EEBE3875C8EA5407747D34DA3BE225E14A76703B44EED16348526730CC6A59C49BED9889B8FDAF1DB884DBEC505F28BDB463692981ADE45DCA28D108737599FD9D8AD82DFB4B13DD4FBDB1B90B2053028788F2509B9324A38E0CAE6AC4DEE689D049C0268244F84EECA0CC21B5317CC965E0A35407073E71951BD44B01D025A27011E9F805B9284B8726627B98ACE680450D9F115E951D7D5147365B3B4809A661B04A7EC73689500F9A8CA9E05E5600B0B4C5897471548B437451D245025797C18852476F386F92754E11CBCC3B01995552710DADEE0E67AF0D2EEF53A50E9AA1BA8A2DB47C57BB93CAA209E8D3F50EF31FCE0CEBD0FEA0712EE5274E6A38A0E81EC287AC32E488E0FD43BB8C3ED2682744F7B7C0C2B8F94FBBDA73F44921D971A437556074C94FF802A384A135405175252968677763059988F6A8F8AC4D7D2AF05C1856D4C5147C8964EC2278F2345DD05A9400B735E4EEF1FDF0646AB3A9BFA42598C4A82AF4D86DA857FC4C3A227D79873F40D6ADA43A4A21627643B39416D409F916B45685AD7F3E4F6E3995184A24A5B3B2891547F69540FF6CA832A45D59F5D507F880D2D25D0DBE2EA5C54F93642C8C91BD8CDD9B181AA81519150BF1B8062994974F81A1297074994CC606256ECD09BB96FFD0E95EC5DC8D01AFB1E8A5A076E121E4D5163DFA03EA461697A6F2772396DA07661614B4E751DD049B047C969905BDDDA40B28D60670675E33FA0C63A1873144501515FC12A889F7D9A7BAC36A97F83FA20098E1DB0BBB71303B5006F2CA50A8543A849862E9EC1412AC35031193250A5BDE4A495974655DAC63E24F4D501261D8F98A91D61B364BF437DF7422E5A90816A6C08B23322645FD14B804E7687BA7612896E9A505D2D7DA12C421DE90F6CD70950590FDB79D374A5E48694B3F11D2A1B8BC46BCDE8AB0DF37690E07AD1DF31D2215F42DBA9FD8C68427D5D055565FB1038AEB6E8A0103C3EA3273DC8A1F20D6A49BFA491B4C604F58CD680425FFB42D7B258A91C393D3BDAB663AB7619AA9C3C6372ABFD0754BD47E35288AA3D78E84448BB17899A83BE9F509F9C7073B86FA07643D8600747200904FBD3D70749DC890723A253ABFD74343B026C84D56550D15DD9437B6FF8A042EAAE688FDBB23149BB5233463A75576C442AE9BD4DB8F948558F6DE8AEE4F1F50E683BF5B7400305F441C63B99F09DB18A82E3AACDE4AE2C85DA8B0743C134DD86C88743A1E0057DD4E0F13C1A0A8512D997D9BA5E40194C8DF4612A18DAAAEADA5930147E80EF1C0C85F26A06FE861F6839ED0AD2C12B7CEDD7DB14D41B3ECC3668471A26216722C1E432A8FA18C47083A6C919BD496891B1910B20EAF49F4A7563A3F3A9A6DB35939EDD3995F94C6BBF0AB0A470548EBA2EC25139EA1779CD1740A843F20CC9BCF12B844E315FC8D760B251ABA87D604B027D54848BB2A26B0DBC6D766B4AA960C98A31FDBC173EE4B147354DBCA53529ADD5F3D312F9FA67FF6A0EEA38417D87232C9A43676387426957A8C5A843CB8B05EC6556FC0D9C189BBFA32BFBE829DDCF5455736254C565F8B67961BA8915C453185A1A2BBAF878B1B8D969892B3FA336694481F8B181DAE80DBA719D490FFC11373EF59AAD660F5963B5ED2C18A11C10E3C4DA87A8EC3C1039D70C54D3D6A07CA7192BC2296AC27CA0E817A8DAA588FBCFEC38927A8CB75DD3E0152E04638037DC66357A5F7F42EDB29D4D12EC4E512597CB8567AFC8F6683EAAC3C52435FE1115CF1B893E0C030DE927C414BE20FAEEE21D241E1D509F7BB2C85F848AE7819C4EB6F833506D3B9DCEFB0DDEE21FCE4595EE3A4CBE2C06BFA256E09DFD39C4A9EB6C7B9AB89B504F14129BEFD8D090D8C73F91E16254BA003CDE27EC1096811A9BBC3FE8E6A1CADF9E19F882AAC213C9C13B1EE53AC1EF7E2BB2E5E933F6E053D0B4A1C5C5E213BECBD362540C73C855685AE27E99A012773C1E0B409D9B757D2EAAB8154789A5DA3FA262E047BAC1C51B3D29C70C0B96C2684B4E6CE76B788EF76D1806F589BA0855A375F4DEE1D584CB8FBE4AD87AD0FFA8CD479DACB0982D2F42C51FCE616C0A97C4F4B97435E76A8EB123ECC2A8358CE0F757F50C0660DB8B507B412899D6B5145D157E4295C3656D45D4019AF766B19C47C3DA4373AA61F0F1BAE53638E829CF834AE51C4C46BA59848ABF71914E2AE523F80CF692A903C4E99ADADB58B103CC9C41A663371D4F7731B63031AAE9D8071DE3136A5E9F79F047C9A46298D51E5689612B72BA9A598D674FC7A319D140AEC30357C7D4A8CC051CB5CFA85936D274C7D4A8A6E2699946000D7FA9F311B2491BB728638AFAF84BD4371F99F416C2021FD3DF5521977E2B7D74274CA4B55954C1CEC6EF401D3BB329AA225E191D2090CD668F3D82A9558D5BBC0F14554C66A95CDDFE305BD139736B1F050D572A524B66730E352AFCB9A27D17F3F7EC2CCE3E8B6A7C6F6795EE06386358328AF1B4ED8131B11AECC45D9F39884BE4C2D86C5636777F212A8D72389E0D6AF019F670ECAE3BE8394FB4A127F44D76E8FB8EA25016A6AFB6DDE4AE4CC4592D8A1855A18BFE5E1872E4B2D95D21C47DA31AEE8A2152616C7657C80FA88D2DBFDFBFCF62D3AD90DFEF8BA01D8E923E5047D07DC942C29F63856F20E94B8F3B582EDAD3C7A758CA90ADDA395C6DB2DF066B98F65D6AE5C0243B94CC34705CCD4EEFF0072BEA89A906FFF66021AA3A0431FA8836C20BDA2C0AA6461F29D554187C0EFA4F33F20C19A9E6926356AD6ACAD6A6191351676AA0552E1CAC2C2C1C95A3AE8B70548EBA2EC25139EABA0847E5A8EB221C95A3AE8B70548EBA2EC25139EABA0847E5A8EB221C95A3AE8B70548EBA2EB246A8FF028BFD5E83C68D79360000002574455874646174653A63726561746500323031392D30332D31325431333A35383A31332D30343A3030917E7AC10000002574455874646174653A6D6F6469667900323031392D30332D31325431333A35383A31332D30343A3030E023C27D0000000049454E44AE426082,2);
INSERT INTO IMAGENES VALUES (0x89504E470D0A1A0A0000000D49484452000000AA000000AA0800000000181D8B5E000000206348524D00007A26000080840000FA00000080E8000075300000EA6000003A98000017709CBA513C00000002624B474400FF878FCCBF0000000774494D4507E3030C0D3A0D02B237730000006A744558745261772070726F66696C6520747970652061707031000A617070310A20202020202033340A34393439326130303038303030303030303130303331303130323030303730303030303031613030303030303030303030303030353036393633363137333631303030300ADC953E0C00000ADE4944415478DAED9B6943F2BA1280CFFFFF25922EEC8B80AF88028AA8A8A8880B8BA02C0A8AECA5ED99498A144594C387B7DC9BF9A0E9244D9FA699643209FFE86B23FFFC6D008ECA51392A47E5A81C95A372548ECA51392A47E5A81C95A372548ECA51392A47E5A8A3A7CC49DA2C57B5B135515F130E629B11C179DCB5226A274284AF7230B41EAA9615E6895CB41EEA203CAF510592502C875AB2CF6D55C1F96215D4D14BB984528C92F9A8E201CD2F3DBEAE3C1AAC843AAE44DD22A1227C2B2C5FF2C66BDADF435532CE458C9F893D77ABB1AE80AADDD97F0D4A615D95BF85DAD95C8A145877561A6557402DCA0BFAE6DC2C47E32FA15ECDE321B2DBBFB9E97749F332E5D25F42BDB47D85F1A68ACDDE68D47DBE4FB8AC8C4AEC472D7592ABD4F765625554E22BCE0CF3A39C93581395F89FA87AF8D66AB5479852F36E624954571995DDEC8E5B963DBBB7039D8EBC56441533D84D5FFE88B42189147F874B2549AC874A36DBA07A0E4ED1A2A868B8AC872AA461821FEE9A1B3105AEAA12279643A5149599AEE96A82EACA7AADEA4017FA74A6678AF7A07AB05B0ED5D901CDE1ACA1E540557311ABA13AD088525F51AB4ECBB5AABD069A2BD18C2A3D802A2F5B0E55BC01CD8B79762241E813DAA9F546009280F97F7C366D5622DDC0F0D5FF63415437F680C1D1C44F257206230079C97A839540F670D61F5D78E932400CDCA097D50E5B7062052B3AC366D45AD7C944E2F0AE8DABD34172A684655005F98CBA7EFA58519883DD3B942C8A2A48876D53B6F61C1305ABA20A42E0FACD580828CD33EF976C2BA112D197B828542AF9F33DB740AC839A13E6091164BB5D12E60602EC2B85575640AD3A978DAE78DEFE12EA68774954E168A5C0E52A91C0E7E58256E4CFFB2AA4ABC5576BDB4674F53722C75A2B91AE18B5EEDDC4C2A1F02F24B495C8AFBAD9B2EA5EC0B8F73BE9AB2B3EE8FF75E392A372548ECA5139EAFF02EAA890CBE54A742BBF9F876495A99526E86F9EDE3E4D92DD1B28521EEBE3875C8EA5407747D34DA3BE225E14A76703B44EED16348526730CC6A59C49BED9889B8FDAF1DB884DBEC505F28BDB463692981ADE45DCA28D108737599FD9D8AD82DFB4B13DD4FBDB1B90B2053028788F2509B9324A38E0CAE6AC4DEE689D049C0268244F84EECA0CC21B5317CC965E0A35407073E71951BD44B01D025A27011E9F805B9284B8726627B98ACE680450D9F115E951D7D5147365B3B4809A661B04A7EC73689500F9A8CA9E05E5600B0B4C5897471548B437451D245025797C18852476F386F92754E11CBCC3B01995552710DADEE0E67AF0D2EEF53A50E9AA1BA8A2DB47C57BB93CAA209E8D3F50EF31FCE0CEBD0FEA0712EE5274E6A38A0E81EC287AC32E488E0FD43BB8C3ED2682744F7B7C0C2B8F94FBBDA73F44921D971A437556074C94FF802A384A135405175252968677763059988F6A8F8AC4D7D2AF05C1856D4C5147C8964EC2278F2345DD05A9400B735E4EEF1FDF0646AB3A9BFA42598C4A82AF4D86DA857FC4C3A227D79873F40D6ADA43A4A21627643B39416D409F916B45685AD7F3E4F6E3995184A24A5B3B2891547F69540FF6CA832A45D59F5D507F880D2D25D0DBE2EA5C54F93642C8C91BD8CDD9B181AA81519150BF1B8062994974F81A1297074994CC606256ECD09BB96FFD0E95EC5DC8D01AFB1E8A5A076E121E4D5163DFA03EA461697A6F2772396DA07661614B4E751DD049B047C969905BDDDA40B28D60670675E33FA0C63A1873144501515FC12A889F7D9A7BAC36A97F83FA20098E1DB0BBB71303B5006F2CA50A8543A849862E9EC1412AC35031193250A5BDE4A495974655DAC63E24F4D501261D8F98A91D61B364BF437DF7422E5A90816A6C08B23322645FD14B804E7687BA7612896E9A505D2D7DA12C421DE90F6CD70950590FDB79D374A5E48694B3F11D2A1B8BC46BCDE8AB0DF37690E07AD1DF31D2215F42DBA9FD8C68427D5D055565FB1038AEB6E8A0103C3EA3273DC8A1F20D6A49BFA491B4C604F58CD680425FFB42D7B258A91C393D3BDAB663AB7619AA9C3C6372ABFD0754BD47E35288AA3D78E84448BB17899A83BE9F509F9C7073B86FA07643D8600747200904FBD3D70749DC890723A253ABFD74343B026C84D56550D15DD9437B6FF8A042EAAE688FDBB23149BB5233463A75576C442AE9BD4DB8F948558F6DE8AEE4F1F50E683BF5B7400305F441C63B99F09DB18A82E3AACDE4AE2C85DA8B0743C134DD86C88743A1E0057DD4E0F13C1A0A8512D997D9BA5E40194C8DF4612A18DAAAEADA5930147E80EF1C0C85F26A06FE861F6839ED0AD2C12B7CEDD7DB14D41B3ECC3668471A26216722C1E432A8FA18C47083A6C919BD496891B1910B20EAF49F4A7563A3F3A9A6DB35939EDD3995F94C6BBF0AB0A470548EBA2EC25139EA1779CD1740A843F20CC9BCF12B844E315FC8D760B251ABA87D604B027D54848BB2A26B0DBC6D766B4AA960C98A31FDBC173EE4B147354DBCA53529ADD5F3D312F9FA67FF6A0EEA38417D87232C9A43676387426957A8C5A843CB8B05EC6556FC0D9C189BBFA32BFBE829DDCF5455736254C565F8B67961BA8915C453185A1A2BBAF878B1B8D969892B3FA336694481F8B181DAE80DBA719D490FFC11373EF59AAD660F5963B5ED2C18A11C10E3C4DA87A8EC3C1039D70C54D3D6A07CA7192BC2296AC27CA0E817A8DAA588FBCFEC38927A8CB75DD3E0152E04638037DC66357A5F7F42EDB29D4D12EC4E512597CB8567AFC8F6683EAAC3C52435FE1115CF1B893E0C030DE927C414BE20FAEEE21D241E1D509F7BB2C85F848AE7819C4EB6F833506D3B9DCEFB0DDEE21FCE4595EE3A4CBE2C06BFA256E09DFD39C4A9EB6C7B9AB89B504F14129BEFD8D090D8C73F91E16254BA003CDE27EC1096811A9BBC3FE8E6A1CADF9E19F882AAC213C9C13B1EE53AC1EF7E2BB2E5E933F6E053D0B4A1C5C5E213BECBD362540C73C855685AE27E99A012773C1E0B409D9B757D2EAAB8154789A5DA3FA262E047BAC1C51B3D29C70C0B96C2684B4E6CE76B788EF76D1806F589BA0855A375F4DEE1D584CB8FBE4AD87AD0FFA8CD479DACB0982D2F42C51FCE616C0A97C4F4B97435E76A8EB123ECC2A8358CE0F757F50C0660DB8B507B412899D6B5145D157E4295C3656D45D4019AF766B19C47C3DA4373AA61F0F1BAE53638E829CF834AE51C4C46BA59848ABF71914E2AE523F80CF692A903C4E99ADADB58B103CC9C41A663371D4F7731B63031AAE9D8071DE3136A5E9F79F047C9A46298D51E5689612B72BA9A598D674FC7A319D140AEC30357C7D4A8CC051CB5CFA85936D274C7D4A8A6E2699946000D7FA9F311B2491BB728638AFAF84BD4371F99F416C2021FD3DF5521977E2B7D74274CA4B55954C1CEC6EF401D3BB329AA225E191D2090CD668F3D82A9558D5BBC0F14554C66A95CDDFE305BD139736B1F050D572A524B66730E352AFCB9A27D17F3F7EC2CCE3E8B6A7C6F6795EE06386358328AF1B4ED8131B11AECC45D9F39884BE4C2D86C5636777F212A8D72389E0D6AF019F670ECAE3BE8394FB4A127F44D76E8FB8EA25016A6AFB6DDE4AE4CC4592D8A1855A18BFE5E1872E4B2D95D21C47DA31AEE8A2152616C7657C80FA88D2DBFDFBFCF62D3AD90DFEF8BA01D8E923E5047D07DC942C29F63856F20E94B8F3B582EDAD3C7A758CA90ADDA395C6DB2DF066B98F65D6AE5C0243B94CC34705CCD4EEFF0072BEA89A906FFF66021AA3A0431FA8836C20BDA2C0AA6461F29D554187C0EFA4F33F20C19A9E6926356AD6ACAD6A6191351676AA0552E1CAC2C2C1C95A3AE8B70548EBA2EC25139EABA0847E5A8EB221C95A3AE8B70548EBA2EC25139EABA0847E5A8EB221C95A3AE8B70548EBA2EB246A8FF028BFD5E83C68D79360000002574455874646174653A63726561746500323031392D30332D31325431333A35383A31332D30343A3030917E7AC10000002574455874646174653A6D6F6469667900323031392D30332D31325431333A35383A31332D30343A3030E023C27D0000000049454E44AE426082,3);
INSERT INTO IMAGENES VALUES (0x89504E470D0A1A0A0000000D49484452000000AA000000AA0800000000181D8B5E000000206348524D00007A26000080840000FA00000080E8000075300000EA6000003A98000017709CBA513C00000002624B474400FF878FCCBF0000000774494D4507E3030C0D3A0D02B237730000006A744558745261772070726F66696C6520747970652061707031000A617070310A20202020202033340A34393439326130303038303030303030303130303331303130323030303730303030303031613030303030303030303030303030353036393633363137333631303030300ADC953E0C00000ADE4944415478DAED9B6943F2BA1280CFFFFF25922EEC8B80AF88028AA8A8A8880B8BA02C0A8AECA5ED99498A144594C387B7DC9BF9A0E9244D9FA699643209FFE86B23FFFC6D008ECA51392A47E5A81C95A372548ECA51392A47E5A81C95A372548ECA51392A47E5A8A3A7CC49DA2C57B5B135515F130E629B11C179DCB5226A274284AF7230B41EAA9615E6895CB41EEA203CAF510592502C875AB2CF6D55C1F96215D4D14BB984528C92F9A8E201CD2F3DBEAE3C1AAC843AAE44DD22A1227C2B2C5FF2C66BDADF435532CE458C9F893D77ABB1AE80AADDD97F0D4A615D95BF85DAD95C8A145877561A6557402DCA0BFAE6DC2C47E32FA15ECDE321B2DBBFB9E97749F332E5D25F42BDB47D85F1A68ACDDE68D47DBE4FB8AC8C4AEC472D7592ABD4F765625554E22BCE0CF3A39C93581395F89FA87AF8D66AB5479852F36E624954571995DDEC8E5B963DBBB7039D8EBC56441533D84D5FFE88B42189147F874B2549AC874A36DBA07A0E4ED1A2A868B8AC872AA461821FEE9A1B3105AEAA12279643A5149599AEE96A82EACA7AADEA4017FA74A6678AF7A07AB05B0ED5D901CDE1ACA1E540557311ABA13AD088525F51AB4ECBB5AABD069A2BD18C2A3D802A2F5B0E55BC01CD8B79762241E813DAA9F546009280F97F7C366D5622DDC0F0D5FF63415437F680C1D1C44F257206230079C97A839540F670D61F5D78E932400CDCA097D50E5B7062052B3AC366D45AD7C944E2F0AE8DABD34172A684655005F98CBA7EFA58519883DD3B942C8A2A48876D53B6F61C1305ABA20A42E0FACD580828CD33EF976C2BA112D197B828542AF9F33DB740AC839A13E6091164BB5D12E60602EC2B85575640AD3A978DAE78DEFE12EA68774954E168A5C0E52A91C0E7E58256E4CFFB2AA4ABC5576BDB4674F53722C75A2B91AE18B5EEDDC4C2A1F02F24B495C8AFBAD9B2EA5EC0B8F73BE9AB2B3EE8FF75E392A372548ECA5139EAFF02EAA890CBE54A742BBF9F876495A99526E86F9EDE3E4D92DD1B28521EEBE3875C8EA5407747D34DA3BE225E14A76703B44EED16348526730CC6A59C49BED9889B8FDAF1DB884DBEC505F28BDB463692981ADE45DCA28D108737599FD9D8AD82DFB4B13DD4FBDB1B90B2053028788F2509B9324A38E0CAE6AC4DEE689D049C0268244F84EECA0CC21B5317CC965E0A35407073E71951BD44B01D025A27011E9F805B9284B8726627B98ACE680450D9F115E951D7D5147365B3B4809A661B04A7EC73689500F9A8CA9E05E5600B0B4C5897471548B437451D245025797C18852476F386F92754E11CBCC3B01995552710DADEE0E67AF0D2EEF53A50E9AA1BA8A2DB47C57BB93CAA209E8D3F50EF31FCE0CEBD0FEA0712EE5274E6A38A0E81EC287AC32E488E0FD43BB8C3ED2682744F7B7C0C2B8F94FBBDA73F44921D971A437556074C94FF802A384A135405175252968677763059988F6A8F8AC4D7D2AF05C1856D4C5147C8964EC2278F2345DD05A9400B735E4EEF1FDF0646AB3A9BFA42598C4A82AF4D86DA857FC4C3A227D79873F40D6ADA43A4A21627643B39416D409F916B45685AD7F3E4F6E3995184A24A5B3B2891547F69540FF6CA832A45D59F5D507F880D2D25D0DBE2EA5C54F93642C8C91BD8CDD9B181AA81519150BF1B8062994974F81A1297074994CC606256ECD09BB96FFD0E95EC5DC8D01AFB1E8A5A076E121E4D5163DFA03EA461697A6F2772396DA07661614B4E751DD049B047C969905BDDDA40B28D60670675E33FA0C63A1873144501515FC12A889F7D9A7BAC36A97F83FA20098E1DB0BBB71303B5006F2CA50A8543A849862E9EC1412AC35031193250A5BDE4A495974655DAC63E24F4D501261D8F98A91D61B364BF437DF7422E5A90816A6C08B23322645FD14B804E7687BA7612896E9A505D2D7DA12C421DE90F6CD70950590FDB79D374A5E48694B3F11D2A1B8BC46BCDE8AB0DF37690E07AD1DF31D2215F42DBA9FD8C68427D5D055565FB1038AEB6E8A0103C3EA3273DC8A1F20D6A49BFA491B4C604F58CD680425FFB42D7B258A91C393D3BDAB663AB7619AA9C3C6372ABFD0754BD47E35288AA3D78E84448BB17899A83BE9F509F9C7073B86FA07643D8600747200904FBD3D70749DC890723A253ABFD74343B026C84D56550D15DD9437B6FF8A042EAAE688FDBB23149BB5233463A75576C442AE9BD4DB8F948558F6DE8AEE4F1F50E683BF5B7400305F441C63B99F09DB18A82E3AACDE4AE2C85DA8B0743C134DD86C88743A1E0057DD4E0F13C1A0A8512D997D9BA5E40194C8DF4612A18DAAAEADA5930147E80EF1C0C85F26A06FE861F6839ED0AD2C12B7CEDD7DB14D41B3ECC3668471A26216722C1E432A8FA18C47083A6C919BD496891B1910B20EAF49F4A7563A3F3A9A6DB35939EDD3995F94C6BBF0AB0A470548EBA2EC25139EA1779CD1740A843F20CC9BCF12B844E315FC8D760B251ABA87D604B027D54848BB2A26B0DBC6D766B4AA960C98A31FDBC173EE4B147354DBCA53529ADD5F3D312F9FA67FF6A0EEA38417D87232C9A43676387426957A8C5A843CB8B05EC6556FC0D9C189BBFA32BFBE829DDCF5455736254C565F8B67961BA8915C453185A1A2BBAF878B1B8D969892B3FA336694481F8B181DAE80DBA719D490FFC11373EF59AAD660F5963B5ED2C18A11C10E3C4DA87A8EC3C1039D70C54D3D6A07CA7192BC2296AC27CA0E817A8DAA588FBCFEC38927A8CB75DD3E0152E04638037DC66357A5F7F42EDB29D4D12EC4E512597CB8567AFC8F6683EAAC3C52435FE1115CF1B893E0C030DE927C414BE20FAEEE21D241E1D509F7BB2C85F848AE7819C4EB6F833506D3B9DCEFB0DDEE21FCE4595EE3A4CBE2C06BFA256E09DFD39C4A9EB6C7B9AB89B504F14129BEFD8D090D8C73F91E16254BA003CDE27EC1096811A9BBC3FE8E6A1CADF9E19F882AAC213C9C13B1EE53AC1EF7E2BB2E5E933F6E053D0B4A1C5C5E213BECBD362540C73C855685AE27E99A012773C1E0B409D9B757D2EAAB8154789A5DA3FA262E047BAC1C51B3D29C70C0B96C2684B4E6CE76B788EF76D1806F589BA0855A375F4DEE1D584CB8FBE4AD87AD0FFA8CD479DACB0982D2F42C51FCE616C0A97C4F4B97435E76A8EB123ECC2A8358CE0F757F50C0660DB8B507B412899D6B5145D157E4295C3656D45D4019AF766B19C47C3DA4373AA61F0F1BAE53638E829CF834AE51C4C46BA59848ABF71914E2AE523F80CF692A903C4E99ADADB58B103CC9C41A663371D4F7731B63031AAE9D8071DE3136A5E9F79F047C9A46298D51E5689612B72BA9A598D674FC7A319D140AEC30357C7D4A8CC051CB5CFA85936D274C7D4A8A6E2699946000D7FA9F311B2491BB728638AFAF84BD4371F99F416C2021FD3DF5521977E2B7D74274CA4B55954C1CEC6EF401D3BB329AA225E191D2090CD668F3D82A9558D5BBC0F14554C66A95CDDFE305BD139736B1F050D572A524B66730E352AFCB9A27D17F3F7EC2CCE3E8B6A7C6F6795EE06386358328AF1B4ED8131B11AECC45D9F39884BE4C2D86C5636777F212A8D72389E0D6AF019F670ECAE3BE8394FB4A127F44D76E8FB8EA25016A6AFB6DDE4AE4CC4592D8A1855A18BFE5E1872E4B2D95D21C47DA31AEE8A2152616C7657C80FA88D2DBFDFBFCF62D3AD90DFEF8BA01D8E923E5047D07DC942C29F63856F20E94B8F3B582EDAD3C7A758CA90ADDA395C6DB2DF066B98F65D6AE5C0243B94CC34705CCD4EEFF0072BEA89A906FFF66021AA3A0431FA8836C20BDA2C0AA6461F29D554187C0EFA4F33F20C19A9E6926356AD6ACAD6A6191351676AA0552E1CAC2C2C1C95A3AE8B70548EBA2EC25139EABA0847E5A8EB221C95A3AE8B70548EBA2EC25139EABA0847E5A8EB221C95A3AE8B70548EBA2EB246A8FF028BFD5E83C68D79360000002574455874646174653A63726561746500323031392D30332D31325431333A35383A31332D30343A3030917E7AC10000002574455874646174653A6D6F6469667900323031392D30332D31325431333A35383A31332D30343A3030E023C27D0000000049454E44AE426082,4);
INSERT INTO IMAGENES VALUES (0x89504E470D0A1A0A0000000D49484452000000AA000000AA0800000000181D8B5E000000206348524D00007A26000080840000FA00000080E8000075300000EA6000003A98000017709CBA513C00000002624B474400FF878FCCBF0000000774494D4507E3030C0D3A0D02B237730000006A744558745261772070726F66696C6520747970652061707031000A617070310A20202020202033340A34393439326130303038303030303030303130303331303130323030303730303030303031613030303030303030303030303030353036393633363137333631303030300ADC953E0C00000ADE4944415478DAED9B6943F2BA1280CFFFFF25922EEC8B80AF88028AA8A8A8880B8BA02C0A8AECA5ED99498A144594C387B7DC9BF9A0E9244D9FA699643209FFE86B23FFFC6D008ECA51392A47E5A81C95A372548ECA51392A47E5A81C95A372548ECA51392A47E5A8A3A7CC49DA2C57B5B135515F130E629B11C179DCB5226A274284AF7230B41EAA9615E6895CB41EEA203CAF510592502C875AB2CF6D55C1F96215D4D14BB984528C92F9A8E201CD2F3DBEAE3C1AAC843AAE44DD22A1227C2B2C5FF2C66BDADF435532CE458C9F893D77ABB1AE80AADDD97F0D4A615D95BF85DAD95C8A145877561A6557402DCA0BFAE6DC2C47E32FA15ECDE321B2DBBFB9E97749F332E5D25F42BDB47D85F1A68ACDDE68D47DBE4FB8AC8C4AEC472D7592ABD4F765625554E22BCE0CF3A39C93581395F89FA87AF8D66AB5479852F36E624954571995DDEC8E5B963DBBB7039D8EBC56441533D84D5FFE88B42189147F874B2549AC874A36DBA07A0E4ED1A2A868B8AC872AA461821FEE9A1B3105AEAA12279643A5149599AEE96A82EACA7AADEA4017FA74A6678AF7A07AB05B0ED5D901CDE1ACA1E540557311ABA13AD088525F51AB4ECBB5AABD069A2BD18C2A3D802A2F5B0E55BC01CD8B79762241E813DAA9F546009280F97F7C366D5622DDC0F0D5FF63415437F680C1D1C44F257206230079C97A839540F670D61F5D78E932400CDCA097D50E5B7062052B3AC366D45AD7C944E2F0AE8DABD34172A684655005F98CBA7EFA58519883DD3B942C8A2A48876D53B6F61C1305ABA20A42E0FACD580828CD33EF976C2BA112D197B828542AF9F33DB740AC839A13E6091164BB5D12E60602EC2B85575640AD3A978DAE78DEFE12EA68774954E168A5C0E52A91C0E7E58256E4CFFB2AA4ABC5576BDB4674F53722C75A2B91AE18B5EEDDC4C2A1F02F24B495C8AFBAD9B2EA5EC0B8F73BE9AB2B3EE8FF75E392A372548ECA5139EAFF02EAA890CBE54A742BBF9F876495A99526E86F9EDE3E4D92DD1B28521EEBE3875C8EA5407747D34DA3BE225E14A76703B44EED16348526730CC6A59C49BED9889B8FDAF1DB884DBEC505F28BDB463692981ADE45DCA28D108737599FD9D8AD82DFB4B13DD4FBDB1B90B2053028788F2509B9324A38E0CAE6AC4DEE689D049C0268244F84EECA0CC21B5317CC965E0A35407073E71951BD44B01D025A27011E9F805B9284B8726627B98ACE680450D9F115E951D7D5147365B3B4809A661B04A7EC73689500F9A8CA9E05E5600B0B4C5897471548B437451D245025797C18852476F386F92754E11CBCC3B01995552710DADEE0E67AF0D2EEF53A50E9AA1BA8A2DB47C57BB93CAA209E8D3F50EF31FCE0CEBD0FEA0712EE5274E6A38A0E81EC287AC32E488E0FD43BB8C3ED2682744F7B7C0C2B8F94FBBDA73F44921D971A437556074C94FF802A384A135405175252968677763059988F6A8F8AC4D7D2AF05C1856D4C5147C8964EC2278F2345DD05A9400B735E4EEF1FDF0646AB3A9BFA42598C4A82AF4D86DA857FC4C3A227D79873F40D6ADA43A4A21627643B39416D409F916B45685AD7F3E4F6E3995184A24A5B3B2891547F69540FF6CA832A45D59F5D507F880D2D25D0DBE2EA5C54F93642C8C91BD8CDD9B181AA81519150BF1B8062994974F81A1297074994CC606256ECD09BB96FFD0E95EC5DC8D01AFB1E8A5A076E121E4D5163DFA03EA461697A6F2772396DA07661614B4E751DD049B047C969905BDDDA40B28D60670675E33FA0C63A1873144501515FC12A889F7D9A7BAC36A97F83FA20098E1DB0BBB71303B5006F2CA50A8543A849862E9EC1412AC35031193250A5BDE4A495974655DAC63E24F4D501261D8F98A91D61B364BF437DF7422E5A90816A6C08B23322645FD14B804E7687BA7612896E9A505D2D7DA12C421DE90F6CD70950590FDB79D374A5E48694B3F11D2A1B8BC46BCDE8AB0DF37690E07AD1DF31D2215F42DBA9FD8C68427D5D055565FB1038AEB6E8A0103C3EA3273DC8A1F20D6A49BFA491B4C604F58CD680425FFB42D7B258A91C393D3BDAB663AB7619AA9C3C6372ABFD0754BD47E35288AA3D78E84448BB17899A83BE9F509F9C7073B86FA07643D8600747200904FBD3D70749DC890723A253ABFD74343B026C84D56550D15DD9437B6FF8A042EAAE688FDBB23149BB5233463A75576C442AE9BD4DB8F948558F6DE8AEE4F1F50E683BF5B7400305F441C63B99F09DB18A82E3AACDE4AE2C85DA8B0743C134DD86C88743A1E0057DD4E0F13C1A0A8512D997D9BA5E40194C8DF4612A18DAAAEADA5930147E80EF1C0C85F26A06FE861F6839ED0AD2C12B7CEDD7DB14D41B3ECC3668471A26216722C1E432A8FA18C47083A6C919BD496891B1910B20EAF49F4A7563A3F3A9A6DB35939EDD3995F94C6BBF0AB0A470548EBA2EC25139EA1779CD1740A843F20CC9BCF12B844E315FC8D760B251ABA87D604B027D54848BB2A26B0DBC6D766B4AA960C98A31FDBC173EE4B147354DBCA53529ADD5F3D312F9FA67FF6A0EEA38417D87232C9A43676387426957A8C5A843CB8B05EC6556FC0D9C189BBFA32BFBE829DDCF5455736254C565F8B67961BA8915C453185A1A2BBAF878B1B8D969892B3FA336694481F8B181DAE80DBA719D490FFC11373EF59AAD660F5963B5ED2C18A11C10E3C4DA87A8EC3C1039D70C54D3D6A07CA7192BC2296AC27CA0E817A8DAA588FBCFEC38927A8CB75DD3E0152E04638037DC66357A5F7F42EDB29D4D12EC4E512597CB8567AFC8F6683EAAC3C52435FE1115CF1B893E0C030DE927C414BE20FAEEE21D241E1D509F7BB2C85F848AE7819C4EB6F833506D3B9DCEFB0DDEE21FCE4595EE3A4CBE2C06BFA256E09DFD39C4A9EB6C7B9AB89B504F14129BEFD8D090D8C73F91E16254BA003CDE27EC1096811A9BBC3FE8E6A1CADF9E19F882AAC213C9C13B1EE53AC1EF7E2BB2E5E933F6E053D0B4A1C5C5E213BECBD362540C73C855685AE27E99A012773C1E0B409D9B757D2EAAB8154789A5DA3FA262E047BAC1C51B3D29C70C0B96C2684B4E6CE76B788EF76D1806F589BA0855A375F4DEE1D584CB8FBE4AD87AD0FFA8CD479DACB0982D2F42C51FCE616C0A97C4F4B97435E76A8EB123ECC2A8358CE0F757F50C0660DB8B507B412899D6B5145D157E4295C3656D45D4019AF766B19C47C3DA4373AA61F0F1BAE53638E829CF834AE51C4C46BA59848ABF71914E2AE523F80CF692A903C4E99ADADB58B103CC9C41A663371D4F7731B63031AAE9D8071DE3136A5E9F79F047C9A46298D51E5689612B72BA9A598D674FC7A319D140AEC30357C7D4A8CC051CB5CFA85936D274C7D4A8A6E2699946000D7FA9F311B2491BB728638AFAF84BD4371F99F416C2021FD3DF5521977E2B7D74274CA4B55954C1CEC6EF401D3BB329AA225E191D2090CD668F3D82A9558D5BBC0F14554C66A95CDDFE305BD139736B1F050D572A524B66730E352AFCB9A27D17F3F7EC2CCE3E8B6A7C6F6795EE06386358328AF1B4ED8131B11AECC45D9F39884BE4C2D86C5636777F212A8D72389E0D6AF019F670ECAE3BE8394FB4A127F44D76E8FB8EA25016A6AFB6DDE4AE4CC4592D8A1855A18BFE5E1872E4B2D95D21C47DA31AEE8A2152616C7657C80FA88D2DBFDFBFCF62D3AD90DFEF8BA01D8E923E5047D07DC942C29F63856F20E94B8F3B582EDAD3C7A758CA90ADDA395C6DB2DF066B98F65D6AE5C0243B94CC34705CCD4EEFF0072BEA89A906FFF66021AA3A0431FA8836C20BDA2C0AA6461F29D554187C0EFA4F33F20C19A9E6926356AD6ACAD6A6191351676AA0552E1CAC2C2C1C95A3AE8B70548EBA2EC25139EABA0847E5A8EB221C95A3AE8B70548EBA2EC25139EABA0847E5A8EB221C95A3AE8B70548EBA2EB246A8FF028BFD5E83C68D79360000002574455874646174653A63726561746500323031392D30332D31325431333A35383A31332D30343A3030917E7AC10000002574455874646174653A6D6F6469667900323031392D30332D31325431333A35383A31332D30343A3030E023C27D0000000049454E44AE426082,5);
INSERT INTO IMAGENES VALUES (0x89504E470D0A1A0A0000000D49484452000000AA000000AA0800000000181D8B5E000000206348524D00007A26000080840000FA00000080E8000075300000EA6000003A98000017709CBA513C00000002624B474400FF878FCCBF0000000774494D4507E3030C0D3A0D02B237730000006A744558745261772070726F66696C6520747970652061707031000A617070310A20202020202033340A34393439326130303038303030303030303130303331303130323030303730303030303031613030303030303030303030303030353036393633363137333631303030300ADC953E0C00000ADE4944415478DAED9B6943F2BA1280CFFFFF25922EEC8B80AF88028AA8A8A8880B8BA02C0A8AECA5ED99498A144594C387B7DC9BF9A0E9244D9FA699643209FFE86B23FFFC6D008ECA51392A47E5A81C95A372548ECA51392A47E5A81C95A372548ECA51392A47E5A8A3A7CC49DA2C57B5B135515F130E629B11C179DCB5226A274284AF7230B41EAA9615E6895CB41EEA203CAF510592502C875AB2CF6D55C1F96215D4D14BB984528C92F9A8E201CD2F3DBEAE3C1AAC843AAE44DD22A1227C2B2C5FF2C66BDADF435532CE458C9F893D77ABB1AE80AADDD97F0D4A615D95BF85DAD95C8A145877561A6557402DCA0BFAE6DC2C47E32FA15ECDE321B2DBBFB9E97749F332E5D25F42BDB47D85F1A68ACDDE68D47DBE4FB8AC8C4AEC472D7592ABD4F765625554E22BCE0CF3A39C93581395F89FA87AF8D66AB5479852F36E624954571995DDEC8E5B963DBBB7039D8EBC56441533D84D5FFE88B42189147F874B2549AC874A36DBA07A0E4ED1A2A868B8AC872AA461821FEE9A1B3105AEAA12279643A5149599AEE96A82EACA7AADEA4017FA74A6678AF7A07AB05B0ED5D901CDE1ACA1E540557311ABA13AD088525F51AB4ECBB5AABD069A2BD18C2A3D802A2F5B0E55BC01CD8B79762241E813DAA9F546009280F97F7C366D5622DDC0F0D5FF63415437F680C1D1C44F257206230079C97A839540F670D61F5D78E932400CDCA097D50E5B7062052B3AC366D45AD7C944E2F0AE8DABD34172A684655005F98CBA7EFA58519883DD3B942C8A2A48876D53B6F61C1305ABA20A42E0FACD580828CD33EF976C2BA112D197B828542AF9F33DB740AC839A13E6091164BB5D12E60602EC2B85575640AD3A978DAE78DEFE12EA68774954E168A5C0E52A91C0E7E58256E4CFFB2AA4ABC5576BDB4674F53722C75A2B91AE18B5EEDDC4C2A1F02F24B495C8AFBAD9B2EA5EC0B8F73BE9AB2B3EE8FF75E392A372548ECA5139EAFF02EAA890CBE54A742BBF9F876495A99526E86F9EDE3E4D92DD1B28521EEBE3875C8EA5407747D34DA3BE225E14A76703B44EED16348526730CC6A59C49BED9889B8FDAF1DB884DBEC505F28BDB463692981ADE45DCA28D108737599FD9D8AD82DFB4B13DD4FBDB1B90B2053028788F2509B9324A38E0CAE6AC4DEE689D049C0268244F84EECA0CC21B5317CC965E0A35407073E71951BD44B01D025A27011E9F805B9284B8726627B98ACE680450D9F115E951D7D5147365B3B4809A661B04A7EC73689500F9A8CA9E05E5600B0B4C5897471548B437451D245025797C18852476F386F92754E11CBCC3B01995552710DADEE0E67AF0D2EEF53A50E9AA1BA8A2DB47C57BB93CAA209E8D3F50EF31FCE0CEBD0FEA0712EE5274E6A38A0E81EC287AC32E488E0FD43BB8C3ED2682744F7B7C0C2B8F94FBBDA73F44921D971A437556074C94FF802A384A135405175252968677763059988F6A8F8AC4D7D2AF05C1856D4C5147C8964EC2278F2345DD05A9400B735E4EEF1FDF0646AB3A9BFA42598C4A82AF4D86DA857FC4C3A227D79873F40D6ADA43A4A21627643B39416D409F916B45685AD7F3E4F6E3995184A24A5B3B2891547F69540FF6CA832A45D59F5D507F880D2D25D0DBE2EA5C54F93642C8C91BD8CDD9B181AA81519150BF1B8062994974F81A1297074994CC606256ECD09BB96FFD0E95EC5DC8D01AFB1E8A5A076E121E4D5163DFA03EA461697A6F2772396DA07661614B4E751DD049B047C969905BDDDA40B28D60670675E33FA0C63A1873144501515FC12A889F7D9A7BAC36A97F83FA20098E1DB0BBB71303B5006F2CA50A8543A849862E9EC1412AC35031193250A5BDE4A495974655DAC63E24F4D501261D8F98A91D61B364BF437DF7422E5A90816A6C08B23322645FD14B804E7687BA7612896E9A505D2D7DA12C421DE90F6CD70950590FDB79D374A5E48694B3F11D2A1B8BC46BCDE8AB0DF37690E07AD1DF31D2215F42DBA9FD8C68427D5D055565FB1038AEB6E8A0103C3EA3273DC8A1F20D6A49BFA491B4C604F58CD680425FFB42D7B258A91C393D3BDAB663AB7619AA9C3C6372ABFD0754BD47E35288AA3D78E84448BB17899A83BE9F509F9C7073B86FA07643D8600747200904FBD3D70749DC890723A253ABFD74343B026C84D56550D15DD9437B6FF8A042EAAE688FDBB23149BB5233463A75576C442AE9BD4DB8F948558F6DE8AEE4F1F50E683BF5B7400305F441C63B99F09DB18A82E3AACDE4AE2C85DA8B0743C134DD86C88743A1E0057DD4E0F13C1A0A8512D997D9BA5E40194C8DF4612A18DAAAEADA5930147E80EF1C0C85F26A06FE861F6839ED0AD2C12B7CEDD7DB14D41B3ECC3668471A26216722C1E432A8FA18C47083A6C919BD496891B1910B20EAF49F4A7563A3F3A9A6DB35939EDD3995F94C6BBF0AB0A470548EBA2EC25139EA1779CD1740A843F20CC9BCF12B844E315FC8D760B251ABA87D604B027D54848BB2A26B0DBC6D766B4AA960C98A31FDBC173EE4B147354DBCA53529ADD5F3D312F9FA67FF6A0EEA38417D87232C9A43676387426957A8C5A843CB8B05EC6556FC0D9C189BBFA32BFBE829DDCF5455736254C565F8B67961BA8915C453185A1A2BBAF878B1B8D969892B3FA336694481F8B181DAE80DBA719D490FFC11373EF59AAD660F5963B5ED2C18A11C10E3C4DA87A8EC3C1039D70C54D3D6A07CA7192BC2296AC27CA0E817A8DAA588FBCFEC38927A8CB75DD3E0152E04638037DC66357A5F7F42EDB29D4D12EC4E512597CB8567AFC8F6683EAAC3C52435FE1115CF1B893E0C030DE927C414BE20FAEEE21D241E1D509F7BB2C85F848AE7819C4EB6F833506D3B9DCEFB0DDEE21FCE4595EE3A4CBE2C06BFA256E09DFD39C4A9EB6C7B9AB89B504F14129BEFD8D090D8C73F91E16254BA003CDE27EC1096811A9BBC3FE8E6A1CADF9E19F882AAC213C9C13B1EE53AC1EF7E2BB2E5E933F6E053D0B4A1C5C5E213BECBD362540C73C855685AE27E99A012773C1E0B409D9B757D2EAAB8154789A5DA3FA262E047BAC1C51B3D29C70C0B96C2684B4E6CE76B788EF76D1806F589BA0855A375F4DEE1D584CB8FBE4AD87AD0FFA8CD479DACB0982D2F42C51FCE616C0A97C4F4B97435E76A8EB123ECC2A8358CE0F757F50C0660DB8B507B412899D6B5145D157E4295C3656D45D4019AF766B19C47C3DA4373AA61F0F1BAE53638E829CF834AE51C4C46BA59848ABF71914E2AE523F80CF692A903C4E99ADADB58B103CC9C41A663371D4F7731B63031AAE9D8071DE3136A5E9F79F047C9A46298D51E5689612B72BA9A598D674FC7A319D140AEC30357C7D4A8CC051CB5CFA85936D274C7D4A8A6E2699946000D7FA9F311B2491BB728638AFAF84BD4371F99F416C2021FD3DF5521977E2B7D74274CA4B55954C1CEC6EF401D3BB329AA225E191D2090CD668F3D82A9558D5BBC0F14554C66A95CDDFE305BD139736B1F050D572A524B66730E352AFCB9A27D17F3F7EC2CCE3E8B6A7C6F6795EE06386358328AF1B4ED8131B11AECC45D9F39884BE4C2D86C5636777F212A8D72389E0D6AF019F670ECAE3BE8394FB4A127F44D76E8FB8EA25016A6AFB6DDE4AE4CC4592D8A1855A18BFE5E1872E4B2D95D21C47DA31AEE8A2152616C7657C80FA88D2DBFDFBFCF62D3AD90DFEF8BA01D8E923E5047D07DC942C29F63856F20E94B8F3B582EDAD3C7A758CA90ADDA395C6DB2DF066B98F65D6AE5C0243B94CC34705CCD4EEFF0072BEA89A906FFF66021AA3A0431FA8836C20BDA2C0AA6461F29D554187C0EFA4F33F20C19A9E6926356AD6ACAD6A6191351676AA0552E1CAC2C2C1C95A3AE8B70548EBA2EC25139EABA0847E5A8EB221C95A3AE8B70548EBA2EC25139EABA0847E5A8EB221C95A3AE8B70548EBA2EB246A8FF028BFD5E83C68D79360000002574455874646174653A63726561746500323031392D30332D31325431333A35383A31332D30343A3030917E7AC10000002574455874646174653A6D6F6469667900323031392D30332D31325431333A35383A31332D30343A3030E023C27D0000000049454E44AE426082,6);
INSERT INTO IMAGENES VALUES (0x89504E470D0A1A0A0000000D49484452000000AA000000AA0800000000181D8B5E000000206348524D00007A26000080840000FA00000080E8000075300000EA6000003A98000017709CBA513C00000002624B474400FF878FCCBF0000000774494D4507E3030C0D3A0D02B237730000006A744558745261772070726F66696C6520747970652061707031000A617070310A20202020202033340A34393439326130303038303030303030303130303331303130323030303730303030303031613030303030303030303030303030353036393633363137333631303030300ADC953E0C00000ADE4944415478DAED9B6943F2BA1280CFFFFF25922EEC8B80AF88028AA8A8A8880B8BA02C0A8AECA5ED99498A144594C387B7DC9BF9A0E9244D9FA699643209FFE86B23FFFC6D008ECA51392A47E5A81C95A372548ECA51392A47E5A81C95A372548ECA51392A47E5A8A3A7CC49DA2C57B5B135515F130E629B11C179DCB5226A274284AF7230B41EAA9615E6895CB41EEA203CAF510592502C875AB2CF6D55C1F96215D4D14BB984528C92F9A8E201CD2F3DBEAE3C1AAC843AAE44DD22A1227C2B2C5FF2C66BDADF435532CE458C9F893D77ABB1AE80AADDD97F0D4A615D95BF85DAD95C8A145877561A6557402DCA0BFAE6DC2C47E32FA15ECDE321B2DBBFB9E97749F332E5D25F42BDB47D85F1A68ACDDE68D47DBE4FB8AC8C4AEC472D7592ABD4F765625554E22BCE0CF3A39C93581395F89FA87AF8D66AB5479852F36E624954571995DDEC8E5B963DBBB7039D8EBC56441533D84D5FFE88B42189147F874B2549AC874A36DBA07A0E4ED1A2A868B8AC872AA461821FEE9A1B3105AEAA12279643A5149599AEE96A82EACA7AADEA4017FA74A6678AF7A07AB05B0ED5D901CDE1ACA1E540557311ABA13AD088525F51AB4ECBB5AABD069A2BD18C2A3D802A2F5B0E55BC01CD8B79762241E813DAA9F546009280F97F7C366D5622DDC0F0D5FF63415437F680C1D1C44F257206230079C97A839540F670D61F5D78E932400CDCA097D50E5B7062052B3AC366D45AD7C944E2F0AE8DABD34172A684655005F98CBA7EFA58519883DD3B942C8A2A48876D53B6F61C1305ABA20A42E0FACD580828CD33EF976C2BA112D197B828542AF9F33DB740AC839A13E6091164BB5D12E60602EC2B85575640AD3A978DAE78DEFE12EA68774954E168A5C0E52A91C0E7E58256E4CFFB2AA4ABC5576BDB4674F53722C75A2B91AE18B5EEDDC4C2A1F02F24B495C8AFBAD9B2EA5EC0B8F73BE9AB2B3EE8FF75E392A372548ECA5139EAFF02EAA890CBE54A742BBF9F876495A99526E86F9EDE3E4D92DD1B28521EEBE3875C8EA5407747D34DA3BE225E14A76703B44EED16348526730CC6A59C49BED9889B8FDAF1DB884DBEC505F28BDB463692981ADE45DCA28D108737599FD9D8AD82DFB4B13DD4FBDB1B90B2053028788F2509B9324A38E0CAE6AC4DEE689D049C0268244F84EECA0CC21B5317CC965E0A35407073E71951BD44B01D025A27011E9F805B9284B8726627B98ACE680450D9F115E951D7D5147365B3B4809A661B04A7EC73689500F9A8CA9E05E5600B0B4C5897471548B437451D245025797C18852476F386F92754E11CBCC3B01995552710DADEE0E67AF0D2EEF53A50E9AA1BA8A2DB47C57BB93CAA209E8D3F50EF31FCE0CEBD0FEA0712EE5274E6A38A0E81EC287AC32E488E0FD43BB8C3ED2682744F7B7C0C2B8F94FBBDA73F44921D971A437556074C94FF802A384A135405175252968677763059988F6A8F8AC4D7D2AF05C1856D4C5147C8964EC2278F2345DD05A9400B735E4EEF1FDF0646AB3A9BFA42598C4A82AF4D86DA857FC4C3A227D79873F40D6ADA43A4A21627643B39416D409F916B45685AD7F3E4F6E3995184A24A5B3B2891547F69540FF6CA832A45D59F5D507F880D2D25D0DBE2EA5C54F93642C8C91BD8CDD9B181AA81519150BF1B8062994974F81A1297074994CC606256ECD09BB96FFD0E95EC5DC8D01AFB1E8A5A076E121E4D5163DFA03EA461697A6F2772396DA07661614B4E751DD049B047C969905BDDDA40B28D60670675E33FA0C63A1873144501515FC12A889F7D9A7BAC36A97F83FA20098E1DB0BBB71303B5006F2CA50A8543A849862E9EC1412AC35031193250A5BDE4A495974655DAC63E24F4D501261D8F98A91D61B364BF437DF7422E5A90816A6C08B23322645FD14B804E7687BA7612896E9A505D2D7DA12C421DE90F6CD70950590FDB79D374A5E48694B3F11D2A1B8BC46BCDE8AB0DF37690E07AD1DF31D2215F42DBA9FD8C68427D5D055565FB1038AEB6E8A0103C3EA3273DC8A1F20D6A49BFA491B4C604F58CD680425FFB42D7B258A91C393D3BDAB663AB7619AA9C3C6372ABFD0754BD47E35288AA3D78E84448BB17899A83BE9F509F9C7073B86FA07643D8600747200904FBD3D70749DC890723A253ABFD74343B026C84D56550D15DD9437B6FF8A042EAAE688FDBB23149BB5233463A75576C442AE9BD4DB8F948558F6DE8AEE4F1F50E683BF5B7400305F441C63B99F09DB18A82E3AACDE4AE2C85DA8B0743C134DD86C88743A1E0057DD4E0F13C1A0A8512D997D9BA5E40194C8DF4612A18DAAAEADA5930147E80EF1C0C85F26A06FE861F6839ED0AD2C12B7CEDD7DB14D41B3ECC3668471A26216722C1E432A8FA18C47083A6C919BD496891B1910B20EAF49F4A7563A3F3A9A6DB35939EDD3995F94C6BBF0AB0A470548EBA2EC25139EA1779CD1740A843F20CC9BCF12B844E315FC8D760B251ABA87D604B027D54848BB2A26B0DBC6D766B4AA960C98A31FDBC173EE4B147354DBCA53529ADD5F3D312F9FA67FF6A0EEA38417D87232C9A43676387426957A8C5A843CB8B05EC6556FC0D9C189BBFA32BFBE829DDCF5455736254C565F8B67961BA8915C453185A1A2BBAF878B1B8D969892B3FA336694481F8B181DAE80DBA719D490FFC11373EF59AAD660F5963B5ED2C18A11C10E3C4DA87A8EC3C1039D70C54D3D6A07CA7192BC2296AC27CA0E817A8DAA588FBCFEC38927A8CB75DD3E0152E04638037DC66357A5F7F42EDB29D4D12EC4E512597CB8567AFC8F6683EAAC3C52435FE1115CF1B893E0C030DE927C414BE20FAEEE21D241E1D509F7BB2C85F848AE7819C4EB6F833506D3B9DCEFB0DDEE21FCE4595EE3A4CBE2C06BFA256E09DFD39C4A9EB6C7B9AB89B504F14129BEFD8D090D8C73F91E16254BA003CDE27EC1096811A9BBC3FE8E6A1CADF9E19F882AAC213C9C13B1EE53AC1EF7E2BB2E5E933F6E053D0B4A1C5C5E213BECBD362540C73C855685AE27E99A012773C1E0B409D9B757D2EAAB8154789A5DA3FA262E047BAC1C51B3D29C70C0B96C2684B4E6CE76B788EF76D1806F589BA0855A375F4DEE1D584CB8FBE4AD87AD0FFA8CD479DACB0982D2F42C51FCE616C0A97C4F4B97435E76A8EB123ECC2A8358CE0F757F50C0660DB8B507B412899D6B5145D157E4295C3656D45D4019AF766B19C47C3DA4373AA61F0F1BAE53638E829CF834AE51C4C46BA59848ABF71914E2AE523F80CF692A903C4E99ADADB58B103CC9C41A663371D4F7731B63031AAE9D8071DE3136A5E9F79F047C9A46298D51E5689612B72BA9A598D674FC7A319D140AEC30357C7D4A8CC051CB5CFA85936D274C7D4A8A6E2699946000D7FA9F311B2491BB728638AFAF84BD4371F99F416C2021FD3DF5521977E2B7D74274CA4B55954C1CEC6EF401D3BB329AA225E191D2090CD668F3D82A9558D5BBC0F14554C66A95CDDFE305BD139736B1F050D572A524B66730E352AFCB9A27D17F3F7EC2CCE3E8B6A7C6F6795EE06386358328AF1B4ED8131B11AECC45D9F39884BE4C2D86C5636777F212A8D72389E0D6AF019F670ECAE3BE8394FB4A127F44D76E8FB8EA25016A6AFB6DDE4AE4CC4592D8A1855A18BFE5E1872E4B2D95D21C47DA31AEE8A2152616C7657C80FA88D2DBFDFBFCF62D3AD90DFEF8BA01D8E923E5047D07DC942C29F63856F20E94B8F3B582EDAD3C7A758CA90ADDA395C6DB2DF066B98F65D6AE5C0243B94CC34705CCD4EEFF0072BEA89A906FFF66021AA3A0431FA8836C20BDA2C0AA6461F29D554187C0EFA4F33F20C19A9E6926356AD6ACAD6A6191351676AA0552E1CAC2C2C1C95A3AE8B70548EBA2EC25139EABA0847E5A8EB221C95A3AE8B70548EBA2EC25139EABA0847E5A8EB221C95A3AE8B70548EBA2EB246A8FF028BFD5E83C68D79360000002574455874646174653A63726561746500323031392D30332D31325431333A35383A31332D30343A3030917E7AC10000002574455874646174653A6D6F6469667900323031392D30332D31325431333A35383A31332D30343A3030E023C27D0000000049454E44AE426082,1);
INSERT INTO IMAGENES VALUES (0x89504E470D0A1A0A0000000D49484452000000AA000000AA0800000000181D8B5E000000206348524D00007A26000080840000FA00000080E8000075300000EA6000003A98000017709CBA513C00000002624B474400FF878FCCBF0000000774494D4507E3030C0D3A0D02B237730000006A744558745261772070726F66696C6520747970652061707031000A617070310A20202020202033340A34393439326130303038303030303030303130303331303130323030303730303030303031613030303030303030303030303030353036393633363137333631303030300ADC953E0C00000ADE4944415478DAED9B6943F2BA1280CFFFFF25922EEC8B80AF88028AA8A8A8880B8BA02C0A8AECA5ED99498A144594C387B7DC9BF9A0E9244D9FA699643209FFE86B23FFFC6D008ECA51392A47E5A81C95A372548ECA51392A47E5A81C95A372548ECA51392A47E5A8A3A7CC49DA2C57B5B135515F130E629B11C179DCB5226A274284AF7230B41EAA9615E6895CB41EEA203CAF510592502C875AB2CF6D55C1F96215D4D14BB984528C92F9A8E201CD2F3DBEAE3C1AAC843AAE44DD22A1227C2B2C5FF2C66BDADF435532CE458C9F893D77ABB1AE80AADDD97F0D4A615D95BF85DAD95C8A145877561A6557402DCA0BFAE6DC2C47E32FA15ECDE321B2DBBFB9E97749F332E5D25F42BDB47D85F1A68ACDDE68D47DBE4FB8AC8C4AEC472D7592ABD4F765625554E22BCE0CF3A39C93581395F89FA87AF8D66AB5479852F36E624954571995DDEC8E5B963DBBB7039D8EBC56441533D84D5FFE88B42189147F874B2549AC874A36DBA07A0E4ED1A2A868B8AC872AA461821FEE9A1B3105AEAA12279643A5149599AEE96A82EACA7AADEA4017FA74A6678AF7A07AB05B0ED5D901CDE1ACA1E540557311ABA13AD088525F51AB4ECBB5AABD069A2BD18C2A3D802A2F5B0E55BC01CD8B79762241E813DAA9F546009280F97F7C366D5622DDC0F0D5FF63415437F680C1D1C44F257206230079C97A839540F670D61F5D78E932400CDCA097D50E5B7062052B3AC366D45AD7C944E2F0AE8DABD34172A684655005F98CBA7EFA58519883DD3B942C8A2A48876D53B6F61C1305ABA20A42E0FACD580828CD33EF976C2BA112D197B828542AF9F33DB740AC839A13E6091164BB5D12E60602EC2B85575640AD3A978DAE78DEFE12EA68774954E168A5C0E52A91C0E7E58256E4CFFB2AA4ABC5576BDB4674F53722C75A2B91AE18B5EEDDC4C2A1F02F24B495C8AFBAD9B2EA5EC0B8F73BE9AB2B3EE8FF75E392A372548ECA5139EAFF02EAA890CBE54A742BBF9F876495A99526E86F9EDE3E4D92DD1B28521EEBE3875C8EA5407747D34DA3BE225E14A76703B44EED16348526730CC6A59C49BED9889B8FDAF1DB884DBEC505F28BDB463692981ADE45DCA28D108737599FD9D8AD82DFB4B13DD4FBDB1B90B2053028788F2509B9324A38E0CAE6AC4DEE689D049C0268244F84EECA0CC21B5317CC965E0A35407073E71951BD44B01D025A27011E9F805B9284B8726627B98ACE680450D9F115E951D7D5147365B3B4809A661B04A7EC73689500F9A8CA9E05E5600B0B4C5897471548B437451D245025797C18852476F386F92754E11CBCC3B01995552710DADEE0E67AF0D2EEF53A50E9AA1BA8A2DB47C57BB93CAA209E8D3F50EF31FCE0CEBD0FEA0712EE5274E6A38A0E81EC287AC32E488E0FD43BB8C3ED2682744F7B7C0C2B8F94FBBDA73F44921D971A437556074C94FF802A384A135405175252968677763059988F6A8F8AC4D7D2AF05C1856D4C5147C8964EC2278F2345DD05A9400B735E4EEF1FDF0646AB3A9BFA42598C4A82AF4D86DA857FC4C3A227D79873F40D6ADA43A4A21627643B39416D409F916B45685AD7F3E4F6E3995184A24A5B3B2891547F69540FF6CA832A45D59F5D507F880D2D25D0DBE2EA5C54F93642C8C91BD8CDD9B181AA81519150BF1B8062994974F81A1297074994CC606256ECD09BB96FFD0E95EC5DC8D01AFB1E8A5A076E121E4D5163DFA03EA461697A6F2772396DA07661614B4E751DD049B047C969905BDDDA40B28D60670675E33FA0C63A1873144501515FC12A889F7D9A7BAC36A97F83FA20098E1DB0BBB71303B5006F2CA50A8543A849862E9EC1412AC35031193250A5BDE4A495974655DAC63E24F4D501261D8F98A91D61B364BF437DF7422E5A90816A6C08B23322645FD14B804E7687BA7612896E9A505D2D7DA12C421DE90F6CD70950590FDB79D374A5E48694B3F11D2A1B8BC46BCDE8AB0DF37690E07AD1DF31D2215F42DBA9FD8C68427D5D055565FB1038AEB6E8A0103C3EA3273DC8A1F20D6A49BFA491B4C604F58CD680425FFB42D7B258A91C393D3BDAB663AB7619AA9C3C6372ABFD0754BD47E35288AA3D78E84448BB17899A83BE9F509F9C7073B86FA07643D8600747200904FBD3D70749DC890723A253ABFD74343B026C84D56550D15DD9437B6FF8A042EAAE688FDBB23149BB5233463A75576C442AE9BD4DB8F948558F6DE8AEE4F1F50E683BF5B7400305F441C63B99F09DB18A82E3AACDE4AE2C85DA8B0743C134DD86C88743A1E0057DD4E0F13C1A0A8512D997D9BA5E40194C8DF4612A18DAAAEADA5930147E80EF1C0C85F26A06FE861F6839ED0AD2C12B7CEDD7DB14D41B3ECC3668471A26216722C1E432A8FA18C47083A6C919BD496891B1910B20EAF49F4A7563A3F3A9A6DB35939EDD3995F94C6BBF0AB0A470548EBA2EC25139EA1779CD1740A843F20CC9BCF12B844E315FC8D760B251ABA87D604B027D54848BB2A26B0DBC6D766B4AA960C98A31FDBC173EE4B147354DBCA53529ADD5F3D312F9FA67FF6A0EEA38417D87232C9A43676387426957A8C5A843CB8B05EC6556FC0D9C189BBFA32BFBE829DDCF5455736254C565F8B67961BA8915C453185A1A2BBAF878B1B8D969892B3FA336694481F8B181DAE80DBA719D490FFC11373EF59AAD660F5963B5ED2C18A11C10E3C4DA87A8EC3C1039D70C54D3D6A07CA7192BC2296AC27CA0E817A8DAA588FBCFEC38927A8CB75DD3E0152E04638037DC66357A5F7F42EDB29D4D12EC4E512597CB8567AFC8F6683EAAC3C52435FE1115CF1B893E0C030DE927C414BE20FAEEE21D241E1D509F7BB2C85F848AE7819C4EB6F833506D3B9DCEFB0DDEE21FCE4595EE3A4CBE2C06BFA256E09DFD39C4A9EB6C7B9AB89B504F14129BEFD8D090D8C73F91E16254BA003CDE27EC1096811A9BBC3FE8E6A1CADF9E19F882AAC213C9C13B1EE53AC1EF7E2BB2E5E933F6E053D0B4A1C5C5E213BECBD362540C73C855685AE27E99A012773C1E0B409D9B757D2EAAB8154789A5DA3FA262E047BAC1C51B3D29C70C0B96C2684B4E6CE76B788EF76D1806F589BA0855A375F4DEE1D584CB8FBE4AD87AD0FFA8CD479DACB0982D2F42C51FCE616C0A97C4F4B97435E76A8EB123ECC2A8358CE0F757F50C0660DB8B507B412899D6B5145D157E4295C3656D45D4019AF766B19C47C3DA4373AA61F0F1BAE53638E829CF834AE51C4C46BA59848ABF71914E2AE523F80CF692A903C4E99ADADB58B103CC9C41A663371D4F7731B63031AAE9D8071DE3136A5E9F79F047C9A46298D51E5689612B72BA9A598D674FC7A319D140AEC30357C7D4A8CC051CB5CFA85936D274C7D4A8A6E2699946000D7FA9F311B2491BB728638AFAF84BD4371F99F416C2021FD3DF5521977E2B7D74274CA4B55954C1CEC6EF401D3BB329AA225E191D2090CD668F3D82A9558D5BBC0F14554C66A95CDDFE305BD139736B1F050D572A524B66730E352AFCB9A27D17F3F7EC2CCE3E8B6A7C6F6795EE06386358328AF1B4ED8131B11AECC45D9F39884BE4C2D86C5636777F212A8D72389E0D6AF019F670ECAE3BE8394FB4A127F44D76E8FB8EA25016A6AFB6DDE4AE4CC4592D8A1855A18BFE5E1872E4B2D95D21C47DA31AEE8A2152616C7657C80FA88D2DBFDFBFCF62D3AD90DFEF8BA01D8E923E5047D07DC942C29F63856F20E94B8F3B582EDAD3C7A758CA90ADDA395C6DB2DF066B98F65D6AE5C0243B94CC34705CCD4EEFF0072BEA89A906FFF66021AA3A0431FA8836C20BDA2C0AA6461F29D554187C0EFA4F33F20C19A9E6926356AD6ACAD6A6191351676AA0552E1CAC2C2C1C95A3AE8B70548EBA2EC25139EABA0847E5A8EB221C95A3AE8B70548EBA2EC25139EABA0847E5A8EB221C95A3AE8B70548EBA2EB246A8FF028BFD5E83C68D79360000002574455874646174653A63726561746500323031392D30332D31325431333A35383A31332D30343A3030917E7AC10000002574455874646174653A6D6F6469667900323031392D30332D31325431333A35383A31332D30343A3030E023C27D0000000049454E44AE426082,7);

select * from Imagenes;
-- Etiquetas
INSERT INTO Etiquetas VALUES ('Nuevo');
INSERT INTO Etiquetas VALUES ('Oferta');
INSERT INTO Etiquetas VALUES ('Popular');
INSERT INTO Etiquetas VALUES ('Edición Limitada');
INSERT INTO Etiquetas VALUES ('Rebajado');
INSERT INTO Etiquetas VALUES ('Exclusivo');

-- ProductoEtiqueta
INSERT INTO ProductoEtiqueta VALUES (1, 1);
INSERT INTO ProductoEtiqueta VALUES (2, 2);
INSERT INTO ProductoEtiqueta VALUES (3, 3);
INSERT INTO ProductoEtiqueta VALUES (4, 5);
INSERT INTO ProductoEtiqueta VALUES (5, 4);
INSERT INTO ProductoEtiqueta VALUES (6, 6);
INSERT INTO ProductoEtiqueta VALUES (1, 2);
INSERT INTO ProductoEtiqueta VALUES (1, 3);
INSERT INTO ProductoEtiqueta VALUES (1, 4);

-- Reseñas
INSERT INTO Resenas VALUES (1, 1, GETDATE(), 'Excelente producto', 5, 1);
INSERT INTO Resenas VALUES (2, 2, GETDATE(), 'Muy buena calidad', 4, 1);
INSERT INTO Resenas VALUES (3, 3, GETDATE(), 'Cómodas y estilosas', 5, 1);
INSERT INTO Resenas VALUES (4, 4, GETDATE(), 'Buen precio por la calidad', 4, 1);
INSERT INTO Resenas VALUES (5, 5, GETDATE(), 'Cumple con lo prometido', 4, 1);
INSERT INTO Resenas VALUES (6, 6, GETDATE(), 'Excelente servicio', 5, 1);
INSERT INTO Resenas VALUES (1, 2, GETDATE(), 'Se desgasto con el tiempo', 5, 1);
INSERT INTO Resenas VALUES (2, 1, GETDATE(), 'Excelente producto ya tu sabe', 5, 1);

-- Promociones
INSERT INTO Promociones VALUES ('producto', 1, NULL, 10.00, '2024-06-01', '2024-07-01');
INSERT INTO Promociones VALUES ('producto', 2, NULL, 15.00, '2024-06-01', '2024-06-30');
INSERT INTO Promociones VALUES ('categoria', NULL, 1, 20.00, '2024-06-05', '2024-07-05');
INSERT INTO Promociones VALUES ('producto', 4, NULL, 5.00, '2024-06-10', '2024-06-20');
INSERT INTO Promociones VALUES ('categoria', NULL, 2, 8.00, '2024-06-01', '2024-06-30');
INSERT INTO Promociones VALUES ('producto', 6, NULL, 12.00, '2024-06-15', '2024-07-15');

INSERT INTO Promociones VALUES ('producto', 1, NULL, 10.00, '2025-07-01', '2025-07-31');
INSERT INTO Promociones VALUES ('categoria', NULL, 3, 5.00, '2025-05-01', '2025-06-15');
INSERT INTO Promociones VALUES ('producto', 2, NULL, 12.50, '2025-07-20', '2025-08-01');
INSERT INTO Promociones VALUES ('categoria', NULL, 4, 7.00, '2025-07-05', '2025-07-25');
INSERT INTO Promociones VALUES ('producto', 5, NULL, 15.00, '2025-06-01', '2025-07-01');

-- Carrito
INSERT INTO Carrito VALUES (1);
INSERT INTO Carrito VALUES (2);
INSERT INTO Carrito VALUES (3);
INSERT INTO Carrito VALUES (4);
INSERT INTO Carrito VALUES (5);
INSERT INTO Carrito VALUES (6);

-- DetalleCarrito
INSERT INTO DetalleCarrito VALUES (1, 1, 2);
INSERT INTO DetalleCarrito VALUES (2, 2, 1);
INSERT INTO DetalleCarrito VALUES (3, 3, 1);
INSERT INTO DetalleCarrito VALUES (4, 4, 3);
INSERT INTO DetalleCarrito VALUES (5, 5, 2);
INSERT INTO DetalleCarrito VALUES (6, 6, 1);

-- Pagos
INSERT INTO Pagos VALUES ('efectivo', 2000, 2500.00, 'Avenida Central', '2024-06-08');
INSERT INTO Pagos VALUES ('tarjeta', 0, 0.00, '', '2024-06-08');
INSERT INTO Pagos VALUES ('efectivo', 1000, 2500.00, 'Avenida 1', '2024-06-09');
INSERT INTO Pagos VALUES ('tarjeta', 0, 0.00, '', '2024-06-10');
INSERT INTO Pagos VALUES ('efectivo', 1500, 2500.00, 'Barrio Escalante', '2024-06-11');
INSERT INTO Pagos VALUES ('tarjeta', 0, 0.00, '', '2024-06-12');

-- Estados
INSERT INTO Estados VALUES ('En preparación');
INSERT INTO Estados VALUES ('En camino');
INSERT INTO Estados VALUES ('Entregado');
INSERT INTO Estados VALUES ('Cancelado');
INSERT INTO Estados VALUES ('Reprogramado');
INSERT INTO Estados VALUES ('En espera');

-- Pedidos
INSERT INTO Pedidos VALUES (1, 'Domicilio', GETDATE(), 'Avenida Central', 1, 1);
INSERT INTO Pedidos VALUES (2, 'Retiro', GETDATE(), '', 2, 2);
INSERT INTO Pedidos VALUES (3, 'Domicilio', GETDATE(), 'Barrio México', 1, 3);
INSERT INTO Pedidos VALUES (4, 'Retiro', GETDATE(), '', 3, 4);
INSERT INTO Pedidos VALUES (5, 'Domicilio', GETDATE(), 'Avenida 10', 1, 5);
INSERT INTO Pedidos VALUES (6, 'Retiro', GETDATE(), '', 2, 6);

-- DetallePedido
INSERT INTO DetallePedido VALUES (1, 15000.00, 1950.00, 16950.00);
INSERT INTO DetallePedido VALUES (2, 8000.00, 1040.00, 9040.00);
INSERT INTO DetallePedido VALUES (3, 18000.00, 2340.00, 20340.00);
INSERT INTO DetallePedido VALUES (4, 22000.00, 2860.00, 24860.00);
INSERT INTO DetallePedido VALUES (5, 12000.00, 1560.00, 13560.00);
INSERT INTO DetallePedido VALUES (6, 35000.00, 4550.00, 39550.00);

-- DetallePedidoProducto
INSERT INTO DetallePedidoProducto VALUES (1, 1, 1);
INSERT INTO DetallePedidoProducto VALUES (2, 2, 1);
INSERT INTO DetallePedidoProducto VALUES (3, 4, 1);
INSERT INTO DetallePedidoProducto VALUES (4, 5, 1);
INSERT INTO DetallePedidoProducto VALUES (5, 6, 1);
INSERT INTO DetallePedidoProducto VALUES (6, 3, 1);

Select * from Resenas;